<?xml version="1.0" encoding="utf-8"?>
<ApplicationInstallerManifest>
   <DefaultInstallationDirectory>/Applications/PHASEApp/</DefaultInstallationDirectory>
   <ApplicationName>PHASEApp</ApplicationName>
   <ExecutableName>application/PHASEApp.exe</ExecutableName>
   <GUID>f9d655d8-5ab9-409c-8f10-afb9a734b19f</GUID>
   <ApplicationIcon>default_icon_48.png</ApplicationIcon>
   <Logo>default_logo.png</Logo>
   <Version>7.0</Version>
   <InstallationNotes>In the following directions, replace MR/v910 by the directory on the target machine where MATLAB is installed, or MR by the directory where the MATLAB Runtime is installed.

If the environment variable DYLD_LIBRARY_PATH is undefined, set it to the following string:

MR/v910/runtime/maci64:MR/v910/sys/os/maci64:MR/v910/bin/maci64

If it is defined, set it to the following:

${DYLD_LIBRARY_PATH}:MR/v910/runtime/maci64:MR/v910/sys/os/maci64:MR/v910/bin/maci64
</InstallationNotes>
   <WelcomePanelText>PHASEApp 7.0
Allison Lopatkin</WelcomePanelText>
   <MCRProducts>
      <MCRProduct>
         <ExternalProductIdentifier>35000</ExternalProductIdentifier>
      </MCRProduct>
      <MCRProduct>
         <ExternalProductIdentifier>35010</ExternalProductIdentifier>
      </MCRProduct>
      <MCRProduct>
         <ExternalProductIdentifier>35108</ExternalProductIdentifier>
      </MCRProduct>
      <MCRProduct>
         <ExternalProductIdentifier>35130</ExternalProductIdentifier>
      </MCRProduct>
   </MCRProducts>
</ApplicationInstallerManifest>